cultivar,well,target,content,sample,cultivar_code,stage,bio_rep,cq,set_point
gmp,A01,CmACS,Unkn,G.15.A,G,15,A,34.814225,55.3
gmp,A02,CmACS,Unkn,G.30.B,G,30,B,25.154044,55.3
gmp,A03,CmACS,Unkn,G.M.C,G,M,C,24.560868,55.3
gmp,A04,CmACO,Unkn,G.30.A,G,30,A,22.025785,55.3
gmp,A05,CmACO,Unkn,G.M.B,G,M,B,21.305852,55.3
gmp,A06,CmATH,Unkn,G.15.C,G,15,C,30.194399,55.3
gmp,A07,CmATH,Unkn,G.M.A,G,M,A,26.523461,55.3
gmp,A08,CmEREBP,Unkn,G.15.B,G,15,B,25.625006,55.3
gmp,A09,CmEREBP,Unkn,G.30.C,G,30,C,21.141514,55.3
gmp,A10,CmCYP,Unkn,G.15.A,G,15,A,23.32296,55.3
gmp,A11,CmCYP,Unkn,G.30.B,G,30,B,22.21041,55.3
gmp,A12,CmCYP,Unkn,G.M.C,G,M,C,22.684146,55.3
gmp,B01,CmACS,Unkn,G.15.A,G,15,A,34.522334,55.3
gmp,B02,CmACS,Unkn,G.30.B,G,30,B,25.06923,55.3
gmp,B03,CmACS,Unkn,G.M.C,G,M,C,24.570675,55.3
gmp,B04,CmACO,Unkn,G.30.A,G,30,A,21.94755,55.3
gmp,B05,CmACO,Unkn,G.M.B,G,M,B,21.408865,55.3
gmp,B06,CmATH,Unkn,G.15.C,G,15,C,30.228934,55.3
gmp,B07,CmATH,Unkn,G.M.A,G,M,A,26.364183,55.3
gmp,B08,CmEREBP,Unkn,G.15.B,G,15,B,25.490479,55.3
gmp,B09,CmEREBP,Unkn,G.30.C,G,30,C,21.271417,55.3
gmp,B10,CmCYP,Unkn,G.15.A,G,15,A,23.04049,55.3
gmp,B11,CmCYP,Unkn,G.30.B,G,30,B,21.877604,55.3
gmp,B12,CmCYP,Unkn,G.M.C,G,M,C,22.875191,55.3
gmp,C01,CmACS,Unkn,G.15.B,G,15,B,36.456311,55.3
gmp,C02,CmACS,Unkn,G.30.C,G,30,C,27.772898,55.3
gmp,C03,CmACO,Unkn,G.15.A,G,15,A,25.845557,55.3
gmp,C04,CmACO,Unkn,G.30.B,G,30,B,23.11157,55.3
gmp,C05,CmACO,Unkn,G.M.C,G,M,C,22.244328,55.3
gmp,C06,CmATH,Unkn,G.30.A,G,30,A,25.210594,55.3
gmp,C07,CmATH,Unkn,G.M.B,G,M,B,25.293508,55.3
gmp,C08,CmEREBP,Unkn,G.15.C,G,15,C,25.79264,55.3
gmp,C09,CmEREBP,Unkn,G.M.A,G,M,A,20.202855,55.3
gmp,C10,CmCYP,Unkn,G.15.B,G,15,B,24.319848,55.3
gmp,C11,CmCYP,Unkn,G.30.C,G,30,C,21.595644,55.3
gmp,C12,CmACS,NTC,NA,NA,NA,NA,NA,55.3
gmp,D01,CmACS,Unkn,G.15.B,G,15,B,37.430067,55.3
gmp,D02,CmACS,Unkn,G.30.C,G,30,C,27.700458,55.3
gmp,D03,CmACO,Unkn,G.15.A,G,15,A,25.866908,55.3
gmp,D04,CmACO,Unkn,G.30.B,G,30,B,23.23801,55.3
gmp,D05,CmACO,Unkn,G.M.C,G,M,C,22.352915,55.3
gmp,D06,CmATH,Unkn,G.30.A,G,30,A,25.450591,55.3
gmp,D07,CmATH,Unkn,G.M.B,G,M,B,25.483726,55.3
gmp,D08,CmEREBP,Unkn,G.15.C,G,15,C,25.704553,55.3
gmp,D09,CmEREBP,Unkn,G.M.A,G,M,A,20.106108,55.3
gmp,D10,CmCYP,Unkn,G.15.B,G,15,B,24.389063,55.3
gmp,D11,CmCYP,Unkn,G.30.C,G,30,C,21.586682,55.3
gmp,D12,CmACO,NTC,NA,NA,NA,NA,NA,55.3
gmp,E01,CmACS,Unkn,G.15.C,G,15,C,34.26788,55.3
gmp,E02,CmACS,Unkn,G.M.A,G,M,A,23.777695,55.3
gmp,E03,CmACO,Unkn,G.15.B,G,15,B,27.166439,55.3
gmp,E04,CmACO,Unkn,G.30.C,G,30,C,21.225797,55.3
gmp,E05,CmATH,Unkn,G.15.A,G,15,A,29.165639,55.3
gmp,E06,CmATH,Unkn,G.30.B,G,30,B,26.592156,55.3
gmp,E07,CmATH,Unkn,G.M.C,G,M,C,25.962322,55.3
gmp,E08,CmEREBP,Unkn,G.30.A,G,30,A,21.868325,55.3
gmp,E09,CmEREBP,Unkn,G.M.B,G,M,B,20.407471,55.3
gmp,E10,CmCYP,Unkn,G.15.C,G,15,C,23.145629,55.3
gmp,E11,CmCYP,Unkn,G.M.A,G,M,A,22.149028,55.3
gmp,E12,CmATH,NTC,NA,NA,NA,NA,NA,55.3
gmp,F01,CmACS,Unkn,G.15.C,G,15,C,34.922179,55.3
gmp,F02,CmACS,Unkn,G.M.A,G,M,A,23.829422,55.3
gmp,F03,CmACO,Unkn,G.15.B,G,15,B,27.159045,55.3
gmp,F04,CmACO,Unkn,G.30.C,G,30,C,21.202303,55.3
gmp,F05,CmATH,Unkn,G.15.A,G,15,A,29.265374,55.3
gmp,F06,CmATH,Unkn,G.30.B,G,30,B,26.6369,55.3
gmp,F07,CmATH,Unkn,G.M.C,G,M,C,26.058535,55.3
gmp,F08,CmEREBP,Unkn,G.30.A,G,30,A,21.671173,55.3
gmp,F09,CmEREBP,Unkn,G.M.B,G,M,B,20.342996,55.3
gmp,F10,CmCYP,Unkn,G.15.C,G,15,C,22.687989,55.3
gmp,F11,CmCYP,Unkn,G.M.A,G,M,A,22.086127,55.3
gmp,F12,CmATH,NTC,NA,NA,NA,NA,NA,55.3
gmp,G01,CmACS,Unkn,G.30.A,G,30,A,24.89239,55.3
gmp,G02,CmACS,Unkn,G.M.B,G,M,B,25.064079,55.3
gmp,G03,CmACO,Unkn,G.15.C,G,15,C,26.079976,55.3
gmp,G04,CmACO,Unkn,G.M.A,G,M,A,21.915457,55.3
gmp,G05,CmATH,Unkn,G.15.B,G,15,B,30.142792,55.3
gmp,G06,CmATH,Unkn,G.30.C,G,30,C,24.641842,55.3
gmp,G07,CmEREBP,Unkn,G.15.A,G,15,A,25.67125,55.3
gmp,G08,CmEREBP,Unkn,G.30.B,G,30,B,21.748519,55.3
gmp,G09,CmEREBP,Unkn,G.M.C,G,M,C,20.161813,55.3
gmp,G10,CmCYP,Unkn,G.30.A,G,30,A,21.168894,55.3
gmp,G11,CmCYP,Unkn,G.M.B,G,M,B,22.452939,55.3
gmp,G12,CmEREBP,NTC,NA,NA,NA,NA,NA,55.3
gmp,H01,CmACS,Unkn,G.30.A,G,30,A,24.822338,55.3
gmp,H02,CmACS,Unkn,G.M.B,G,M,B,25.077688,55.3
gmp,H03,CmACO,Unkn,G.15.C,G,15,C,26.22743,55.3
gmp,H04,CmACO,Unkn,G.M.A,G,M,A,22.267667,55.3
gmp,H05,CmATH,Unkn,G.15.B,G,15,B,30.14306,55.3
gmp,H06,CmATH,Unkn,G.30.C,G,30,C,24.586958,55.3
gmp,H07,CmEREBP,Unkn,G.15.A,G,15,A,25.471297,55.3
gmp,H08,CmEREBP,Unkn,G.30.B,G,30,B,21.597232,55.3
gmp,H09,CmEREBP,Unkn,G.M.C,G,M,C,20.336369,55.3
gmp,H10,CmCYP,Unkn,G.30.A,G,30,A,20.98995,55.3
gmp,H11,CmCYP,Unkn,G.M.B,G,M,B,22.283718,55.3
gmp,H12,CmCYP,NTC,NA,NA,NA,NA,NA,55.3
kinaya,A01,CmACS,Unkn,K.15.A,K,15,A,26.284798,55.3
kinaya,A02,CmACS,Unkn,K.30.B,K,30,B,26.359355,55.3
kinaya,A03,CmACS,Unkn,K.M.C,K,M,C,26.849608,55.3
kinaya,A04,CmACO,Unkn,K.30.A,K,30,A,21.092241,55.3
kinaya,A05,CmACO,Unkn,K.M.B,K,M,B,27.598805,55.3
kinaya,A06,CmATH,Unkn,K.15.C,K,15,C,29.771659,55.3
kinaya,A07,CmATH,Unkn,K.M.A,K,M,A,28.318455,55.3
kinaya,A08,CmEREBP,Unkn,K.15.B,K,15,B,23.323905,55.3
kinaya,A09,CmEREBP,Unkn,K.30.C,K,30,C,20.302876,55.3
kinaya,A10,CmCYP,Unkn,K.15.A,K,15,A,20.084215,55.3
kinaya,A11,CmCYP,Unkn,K.30.B,K,30,B,22.674593,55.3
kinaya,A12,CmCYP,Unkn,K.M.C,K,M,C,22.862727,55.3
kinaya,B01,CmACS,Unkn,K.15.A,K,15,A,26.799265,55.3
kinaya,B02,CmACS,Unkn,K.30.B,K,30,B,26.554812,55.3
kinaya,B03,CmACS,Unkn,K.M.C,K,M,C,26.577294,55.3
kinaya,B04,CmACO,Unkn,K.30.A,K,30,A,21.38813,55.3
kinaya,B05,CmACO,Unkn,K.M.B,K,M,B,27.481822,55.3
kinaya,B06,CmATH,Unkn,K.15.C,K,15,C,29.668355,55.3
kinaya,B07,CmATH,Unkn,K.M.A,K,M,A,27.94932,55.3
kinaya,B08,CmEREBP,Unkn,K.15.B,K,15,B,23.106464,55.3
kinaya,B09,CmEREBP,Unkn,K.30.C,K,30,C,20.470731,55.3
kinaya,B10,CmCYP,Unkn,K.15.A,K,15,A,20.294729,55.3
kinaya,B11,CmCYP,Unkn,K.30.B,K,30,B,22.325036,55.3
kinaya,B12,CmCYP,Unkn,K.M.C,K,M,C,22.775587,55.3
kinaya,C01,CmACS,Unkn,K.15.B,K,15,B,26.585105,55.3
kinaya,C02,CmACS,Unkn,K.30.C,K,30,C,25.695272,55.3
kinaya,C03,CmACO,Unkn,K.15.A,K,15,A,24.469296,55.3
kinaya,C04,CmACO,Unkn,K.30.B,K,30,B,25.103654,55.3
kinaya,C05,CmACO,Unkn,K.M.C,K,M,C,26.64607,55.3
kinaya,C06,CmATH,Unkn,K.30.A,K,30,A,25.254408,55.3
kinaya,C07,CmATH,Unkn,K.M.B,K,M,B,27.21383,55.3
kinaya,C08,CmEREBP,Unkn,K.15.C,K,15,C,22.805664,55.3
kinaya,C09,CmEREBP,Unkn,K.M.A,K,M,A,21.276936,55.3
kinaya,C10,CmCYP,Unkn,K.15.B,K,15,B,20.566313,55.3
kinaya,C11,CmCYP,Unkn,K.30.C,K,30,C,20.189386,55.3
kinaya,C12,CmACS,NTC,NA,NA,NA,NA,NA,55.3
kinaya,D01,CmACS,Unkn,K.15.B,K,15,B,26.733736,55.3
kinaya,D02,CmACS,Unkn,K.30.C,K,30,C,25.652423,55.3
kinaya,D03,CmACO,Unkn,K.15.A,K,15,A,24.461857,55.3
kinaya,D04,CmACO,Unkn,K.30.B,K,30,B,24.983924,55.3
kinaya,D05,CmACO,Unkn,K.M.C,K,M,C,26.882656,55.3
kinaya,D06,CmATH,Unkn,K.30.A,K,30,A,25.214302,55.3
kinaya,D07,CmATH,Unkn,K.M.B,K,M,B,27.608414,55.3
kinaya,D08,CmEREBP,Unkn,K.15.C,K,15,C,22.888824,55.3
kinaya,D09,CmEREBP,Unkn,K.M.A,K,M,A,21.535033,55.3
kinaya,D10,CmCYP,Unkn,K.15.B,K,15,B,20.419463,55.3
kinaya,D11,CmCYP,Unkn,K.30.C,K,30,C,20.082604,55.3
kinaya,D12,CmACO,NTC,NA,NA,NA,NA,NA,55.3
kinaya,E01,CmACS,Unkn,K.15.C,K,15,C,26.788175,55.3
kinaya,E02,CmACS,Unkn,K.M.A,K,M,A,26.647605,55.3
kinaya,E03,CmACO,Unkn,K.15.B,K,15,B,25.530112,55.3
kinaya,E04,CmACO,Unkn,K.30.C,K,30,C,21.53,55.3
kinaya,E05,CmATH,Unkn,K.15.A,K,15,A,27.465961,55.3
kinaya,E06,CmATH,Unkn,K.30.B,K,30,B,29.289314,55.3
kinaya,E07,CmATH,Unkn,K.M.C,K,M,C,25.938792,55.3
kinaya,E08,CmEREBP,Unkn,K.30.A,K,30,A,22.182838,55.3
kinaya,E09,CmEREBP,Unkn,K.M.B,K,M,B,23.424242,55.3
kinaya,E10,CmCYP,Unkn,K.15.C,K,15,C,20.366699,55.3
kinaya,E11,CmCYP,Unkn,K.M.A,K,M,A,21.297205,55.3
kinaya,E12,CmATH,NTC,NA,NA,NA,NA,NA,55.3
kinaya,F01,CmACS,Unkn,K.15.C,K,15,C,26.788175,55.3
kinaya,F02,CmACS,Unkn,K.M.A,K,M,A,26.647605,55.3
kinaya,F03,CmACO,Unkn,K.15.B,K,15,B,25.398463,55.3
kinaya,F04,CmACO,Unkn,K.30.C,K,30,C,21.447832,55.3
kinaya,F05,CmATH,Unkn,K.15.A,K,15,A,27.190287,55.3
kinaya,F06,CmATH,Unkn,K.30.B,K,30,B,29.000868,55.3
kinaya,F07,CmATH,Unkn,K.M.C,K,M,C,26.039156,55.3
kinaya,F08,CmEREBP,Unkn,K.30.A,K,30,A,22.204605,55.3
kinaya,F09,CmEREBP,Unkn,K.M.B,K,M,B,23.634744,55.3
kinaya,F10,CmCYP,Unkn,K.15.C,K,15,C,20.415556,55.3
kinaya,F11,CmCYP,Unkn,K.M.A,K,M,A,21.367691,55.3
kinaya,F12,CmEREBP,NTC,NA,NA,NA,NA,NA,55.3
kinaya,G01,CmACS,Unkn,K.30.A,K,30,A,26.868585,55.3
kinaya,G02,CmACS,Unkn,K.M.B,K,M,B,26.857482,55.3
kinaya,G03,CmACO,Unkn,K.15.C,K,15,C,25.156153,55.3
kinaya,G04,CmACO,Unkn,K.M.A,K,M,A,26.122777,55.3
kinaya,G05,CmATH,Unkn,K.15.B,K,15,B,27.316365,55.3
kinaya,G06,CmATH,Unkn,K.30.C,K,30,C,25.653598,55.3
kinaya,G07,CmEREBP,Unkn,K.15.A,K,15,A,22.795718,55.3
kinaya,G08,CmEREBP,Unkn,K.30.B,K,30,B,22.944126,55.3
kinaya,G09,CmEREBP,Unkn,K.M.C,K,M,C,22.649865,55.3
kinaya,G10,CmCYP,Unkn,K.30.A,K,30,A,19.336511,55.3
kinaya,G11,CmCYP,Unkn,K.M.B,K,M,B,23.045954,55.3
kinaya,G12,CmCYP,NTC,NA,NA,NA,NA,NA,55.3
kinaya,H01,CmACS,Unkn,K.30.A,K,30,A,27.2567,55.3
kinaya,H02,CmACS,Unkn,K.M.B,K,M,B,26.715566,55.3
kinaya,H03,CmACO,Unkn,K.15.C,K,15,C,25.197592,55.3
kinaya,H04,CmACO,Unkn,K.M.A,K,M,A,26.083656,55.3
kinaya,H05,CmATH,Unkn,K.15.B,K,15,B,27.290447,55.3
kinaya,H06,CmATH,Unkn,K.30.C,K,30,C,26.156184,55.3
kinaya,H07,CmEREBP,Unkn,K.15.A,K,15,A,22.804913,55.3
kinaya,H08,CmEREBP,Unkn,K.30.B,K,30,B,22.85219,55.3
kinaya,H09,CmEREBP,Unkn,K.M.C,K,M,C,22.574528,55.3
kinaya,H10,CmCYP,Unkn,K.30.A,K,30,A,19.560569,55.3
kinaya,H11,CmCYP,Unkn,K.M.B,K,M,B,23.08815,55.3
kinaya,H12,CmCYP,NTC,NA,NA,NA,NA,NA,55.3
melona,A01,CmACS,Unkn,M.15.A,M,15,A,36.188607,55.3
melona,A02,CmACS,Unkn,M.30.B,M,30,B,29.16487,55.3
melona,A03,CmACS,Unkn,M.M.C,M,M,C,21.338682,55.3
melona,A04,CmACO,Unkn,M.30.A,M,30,A,23.111368,55.3
melona,A05,CmACO,Unkn,M.M.B,M,M,B,17.918668,55.3
melona,A06,CmATH,Unkn,M.15.C,M,15,C,29.551251,55.3
melona,A07,CmATH,Unkn,M.M.A,M,M,A,23.566601,55.3
melona,A08,CmEREBP,Unkn,M.15.B,M,15,B,25.880769,55.3
melona,A09,CmEREBP,Unkn,M.30.C,M,30,C,22.161813,55.3
melona,A10,CmCYP,Unkn,M.15.A,M,15,A,22.581962,55.3
melona,A11,CmCYP,Unkn,M.30.B,M,30,B,19.933281,55.3
melona,A12,CmCYP,Unkn,M.M.C,M,M,C,21.801443,55.3
melona,B01,CmACS,Unkn,M.15.A,M,15,A,36.188607,55.3
melona,B02,CmACS,Unkn,M.30.B,M,30,B,29.267489,55.3
melona,B03,CmACS,Unkn,M.M.C,M,M,C,21.384378,55.3
melona,B04,CmACO,Unkn,M.30.A,M,30,A,22.869076,55.3
melona,B05,CmACO,Unkn,M.M.B,M,M,B,18.032334,55.3
melona,B06,CmATH,Unkn,M.15.C,M,15,C,29.204327,55.3
melona,B07,CmATH,Unkn,M.M.A,M,M,A,23.62199,55.3
melona,B08,CmEREBP,Unkn,M.15.B,M,15,B,26.087869,55.3
melona,B09,CmEREBP,Unkn,M.30.C,M,30,C,22.322092,55.3
melona,B10,CmCYP,Unkn,M.15.A,M,15,A,22.814787,55.3
melona,B11,CmCYP,Unkn,M.30.B,M,30,B,20.115913,55.3
melona,B12,CmCYP,Unkn,M.M.C,M,M,C,21.898673,55.3
melona,C01,CmACS,Unkn,M.15.B,M,15,B,36.398421,55.3
melona,C02,CmACS,Unkn,M.30.C,M,30,C,28.468984,55.3
melona,C03,CmACO,Unkn,M.15.A,M,15,A,27.047318,55.3
melona,C04,CmACO,Unkn,M.30.B,M,30,B,21.630313,55.3
melona,C05,CmACO,Unkn,M.M.C,M,M,C,22.01115,55.3
melona,C06,CmATH,Unkn,M.30.A,M,30,A,24.901993,55.3
melona,C07,CmATH,Unkn,M.M.B,M,M,B,23.480255,55.3
melona,C08,CmEREBP,Unkn,M.15.C,M,15,C,28.21838,55.3
melona,C09,CmEREBP,Unkn,M.M.A,M,M,A,20.896515,55.3
melona,C10,CmCYP,Unkn,M.15.B,M,15,B,22.347533,55.3
melona,C11,CmCYP,Unkn,M.30.C,M,30,C,19.83026,55.3
melona,C12,CmACS,NTC,NA,NA,NA,NA,NA,55.3
melona,D01,CmACS,Unkn,M.15.B,M,15,B,36.398421,55.3
melona,D02,CmACS,Unkn,M.30.C,M,30,C,28.241867,55.3
melona,D03,CmACO,Unkn,M.15.A,M,15,A,26.601961,55.3
melona,D04,CmACO,Unkn,M.30.B,M,30,B,21.178602,55.3
melona,D05,CmACO,Unkn,M.M.C,M,M,C,21.087428,55.3
melona,D06,CmATH,Unkn,M.30.A,M,30,A,24.769057,55.3
melona,D07,CmATH,Unkn,M.M.B,M,M,B,23.535457,55.3
melona,D08,CmEREBP,Unkn,M.15.C,M,15,C,22.15427,55.3
melona,D09,CmEREBP,Unkn,M.M.A,M,M,A,20.647244,55.3
melona,D10,CmCYP,Unkn,M.15.B,M,15,B,22.362838,55.3
melona,D11,CmCYP,Unkn,M.30.C,M,30,C,19.873676,55.3
melona,D12,CmACO,NTC,NA,NA,NA,NA,NA,55.3
melona,E01,CmACS,Unkn,M.15.C,M,15,C,36.205243,55.3
melona,E02,CmACS,Unkn,M.M.A,M,M,A,22.52528,55.3
melona,E03,CmACO,Unkn,M.15.B,M,15,B,25.604396,55.3
melona,E04,CmACO,Unkn,M.30.C,M,30,C,21.403559,55.3
melona,E05,CmATH,Unkn,M.15.A,M,15,A,26.672924,55.3
melona,E06,CmATH,Unkn,M.30.B,M,30,B,23.882706,55.3
melona,E07,CmATH,Unkn,M.M.C,M,M,C,24.463254,55.3
melona,E08,CmEREBP,Unkn,M.30.A,M,30,A,22.267248,55.3
melona,E09,CmEREBP,Unkn,M.M.B,M,M,B,20.968796,55.3
melona,E10,CmCYP,Unkn,M.15.C,M,15,C,21.982023,55.3
melona,E11,CmCYP,Unkn,M.M.A,M,M,A,19.334636,55.3
melona,E12,CmATH,NTC,NA,NA,NA,NA,NA,55.3
melona,F01,CmACS,Unkn,M.15.C,M,15,C,36.205243,55.3
melona,F02,CmACS,Unkn,M.M.A,M,M,A,22.529848,55.3
melona,F03,CmACO,Unkn,M.15.B,M,15,B,25.884825,55.3
melona,F04,CmACO,Unkn,M.30.C,M,30,C,21.393789,55.3
melona,F05,CmATH,Unkn,M.15.A,M,15,A,26.825461,55.3
melona,F06,CmATH,Unkn,M.30.B,M,30,B,24.224064,55.3
melona,F07,CmATH,Unkn,M.M.C,M,M,C,24.707113,55.3
melona,F08,CmEREBP,Unkn,M.30.A,M,30,A,21.309498,55.3
melona,F09,CmEREBP,Unkn,M.M.B,M,M,B,20.839349,55.3
melona,F10,CmCYP,Unkn,M.15.C,M,15,C,22.010886,55.3
melona,F11,CmCYP,Unkn,M.M.A,M,M,A,19.806852,55.3
melona,F12,CmEREBP,NTC,NA,NA,NA,NA,NA,55.3
melona,G01,CmACS,Unkn,M.30.A,M,30,A,28.661814,55.3
melona,G02,CmACS,Unkn,M.M.B,M,M,B,19.874235,55.3
melona,G03,CmACO,Unkn,M.15.C,M,15,C,29.353852,55.3
melona,G04,CmACO,Unkn,M.M.A,M,M,A,19.795904,55.3
melona,G05,CmATH,Unkn,M.15.B,M,15,B,28.657688,55.3
melona,G06,CmATH,Unkn,M.30.C,M,30,C,23.969821,55.3
melona,G07,CmEREBP,Unkn,M.15.A,M,15,A,25.364016,55.3
melona,G08,CmEREBP,Unkn,M.30.B,M,30,B,21.57383,55.3
melona,G09,CmEREBP,Unkn,M.M.C,M,M,C,21.389927,55.3
melona,G10,CmCYP,Unkn,M.30.A,M,30,A,20.143905,55.3
melona,G11,CmCYP,Unkn,M.M.B,M,M,B,20.091253,55.3
melona,G12,CmCYP,NTC,NA,NA,NA,NA,NA,55.3
melona,H01,CmACS,Unkn,M.30.A,M,30,A,28.652791,55.3
melona,H02,CmACS,Unkn,M.M.B,M,M,B,19.630734,55.3
melona,H03,CmACO,Unkn,M.15.C,M,15,C,28.853692,55.3
melona,H04,CmACO,Unkn,M.M.A,M,M,A,19.47762,55.3
melona,H05,CmATH,Unkn,M.15.B,M,15,B,29.583888,55.3
melona,H06,CmATH,Unkn,M.30.C,M,30,C,24.158375,55.3
melona,H07,CmEREBP,Unkn,M.15.A,M,15,A,25.357212,55.3
melona,H08,CmEREBP,Unkn,M.30.B,M,30,B,21.594264,55.3
melona,H09,CmEREBP,Unkn,M.M.C,M,M,C,21.455761,55.3
melona,H10,CmCYP,Unkn,M.30.A,M,30,A,20.192206,55.3
melona,H11,CmCYP,Unkn,M.M.B,M,M,B,20.036973,55.3
melona,H12,CmCYP,NTC,NA,NA,NA,NA,NA,55.3
tacapa,A01,CmACS,Unkn,T.15.A,T,15,A,30.288705,55.3
tacapa,A02,CmACS,Unkn,T.30.B,T,30,B,30.577892,55.3
tacapa,A03,CmACS,Unkn,T.M.C,T,M,C,28.304674,55.3
tacapa,A04,CmACO,Unkn,T.30.A,T,30,A,25.844847,55.3
tacapa,A05,CmACO,Unkn,T.M.B,T,M,B,25.054471,55.3
tacapa,A06,CmATH,Unkn,T.15.C,T,15,C,23.478672,55.3
tacapa,A07,CmATH,Unkn,T.M.A,T,M,A,26.667451,55.3
tacapa,A08,CmEREBP,Unkn,T.15.B,T,15,B,24.878024,55.3
tacapa,A09,CmEREBP,Unkn,T.30.C,T,30,C,25.715714,55.3
tacapa,A10,CmCYP,Unkn,T.15.A,T,15,A,22.609705,55.3
tacapa,A11,CmCYP,Unkn,T.30.B,T,30,B,24.365624,55.3
tacapa,A12,CmCYP,Unkn,T.M.C,T,M,C,22.75278,55.3
tacapa,B01,CmACS,Unkn,T.15.A,T,15,A,30.288705,55.3
tacapa,B02,CmACS,Unkn,T.30.B,T,30,B,30.893587,55.3
tacapa,B03,CmACS,Unkn,T.M.C,T,M,C,27.965825,55.3
tacapa,B04,CmACO,Unkn,T.30.A,T,30,A,25.799551,55.3
tacapa,B05,CmACO,Unkn,T.M.B,T,M,B,25.117025,55.3
tacapa,B06,CmATH,Unkn,T.15.C,T,15,C,23.592183,55.3
tacapa,B07,CmATH,Unkn,T.M.A,T,M,A,26.475834,55.3
tacapa,B08,CmEREBP,Unkn,T.15.B,T,15,B,25.112208,55.3
tacapa,B09,CmEREBP,Unkn,T.30.C,T,30,C,26.03365,55.3
tacapa,B10,CmCYP,Unkn,T.15.A,T,15,A,22.381857,55.3
tacapa,B11,CmCYP,Unkn,T.30.B,T,30,B,24.063753,55.3
tacapa,B12,CmCYP,Unkn,T.M.C,T,M,C,22.851905,55.3
tacapa,C01,CmACS,Unkn,T.15.B,T,15,B,30.430071,55.3
tacapa,C02,CmACS,Unkn,T.30.C,T,30,C,30.913853,55.3
tacapa,C03,CmACO,Unkn,T.15.A,T,15,A,27.199468,55.3
tacapa,C04,CmACO,Unkn,T.30.B,T,30,B,27.069082,55.3
tacapa,C05,CmACO,Unkn,T.M.C,T,M,C,24.58593,55.3
tacapa,C06,CmATH,Unkn,T.30.A,T,30,A,27.584448,55.3
tacapa,C07,CmATH,Unkn,T.M.B,T,M,B,26.306802,55.3
tacapa,C08,CmEREBP,Unkn,T.15.C,T,15,C,25.109022,55.3
tacapa,C09,CmEREBP,Unkn,T.M.A,T,M,A,24.891149,55.3
tacapa,C10,CmCYP,Unkn,T.15.B,T,15,B,21.315822,55.3
tacapa,C11,CmCYP,Unkn,T.30.C,T,30,C,24.156749,55.3
tacapa,C12,CmACS,NTC,NA,NA,NA,NA,NA,55.3
tacapa,D01,CmACS,Unkn,T.15.B,T,15,B,30.523629,55.3
tacapa,D02,CmACS,Unkn,T.30.C,T,30,C,30.299898,55.3
tacapa,D03,CmACO,Unkn,T.15.A,T,15,A,27.090393,55.3
tacapa,D04,CmACO,Unkn,T.30.B,T,30,B,27.036653,55.3
tacapa,D05,CmACO,Unkn,T.M.C,T,M,C,24.240285,55.3
tacapa,D06,CmATH,Unkn,T.30.A,T,30,A,27.78248,55.3
tacapa,D07,CmATH,Unkn,T.M.B,T,M,B,26.238569,55.3
tacapa,D08,CmEREBP,Unkn,T.15.C,T,15,C,24.929646,55.3
tacapa,D09,CmEREBP,Unkn,T.M.A,T,M,A,24.885771,55.3
tacapa,D10,CmCYP,Unkn,T.15.B,T,15,B,21.415004,55.3
tacapa,D11,CmCYP,Unkn,T.30.C,T,30,C,24.014008,55.3
tacapa,D12,CmACO,NTC,NA,NA,NA,NA,NA,55.3
tacapa,E01,CmACS,Unkn,T.15.C,T,15,C,30.914686,55.3
tacapa,E02,CmACS,Unkn,T.M.A,T,M,A,30.626771,55.3
tacapa,E03,CmACO,Unkn,T.15.B,T,15,B,24.487918,55.3
tacapa,E04,CmACO,Unkn,T.30.C,T,30,C,28.19478,55.3
tacapa,E05,CmATH,Unkn,T.15.A,T,15,A,30.184665,55.3
tacapa,E06,CmATH,Unkn,T.30.B,T,30,B,28.033356,55.3
tacapa,E07,CmATH,Unkn,T.M.C,T,M,C,25.903132,55.3
tacapa,E08,CmEREBP,Unkn,T.30.A,T,30,A,24.686703,55.3
tacapa,E09,CmEREBP,Unkn,T.M.B,T,M,B,22.843764,55.3
tacapa,E10,CmCYP,Unkn,T.15.C,T,15,C,21.241014,55.3
tacapa,E11,CmCYP,Unkn,T.M.A,T,M,A,23.992321,55.3
tacapa,E12,CmATH,NTC,NA,NA,NA,NA,NA,55.3
tacapa,F01,CmACS,Unkn,T.15.C,T,15,C,31.028639,55.3
tacapa,F02,CmACS,Unkn,T.M.A,T,M,A,30.601364,55.3
tacapa,F03,CmACO,Unkn,T.15.B,T,15,B,24.525684,55.3
tacapa,F04,CmACO,Unkn,T.30.C,T,30,C,28.145987,55.3
tacapa,F05,CmATH,Unkn,T.15.A,T,15,A,30.285801,55.3
tacapa,F06,CmATH,Unkn,T.30.B,T,30,B,28.128798,55.3
tacapa,F07,CmATH,Unkn,T.M.C,T,M,C,25.903154,55.3
tacapa,F08,CmEREBP,Unkn,T.30.A,T,30,A,24.614285,55.3
tacapa,F09,CmEREBP,Unkn,T.M.B,T,M,B,22.789369,55.3
tacapa,F10,CmCYP,Unkn,T.15.C,T,15,C,21.302989,55.3
tacapa,F11,CmCYP,Unkn,T.M.A,T,M,A,24.170665,55.3
tacapa,F12,CmEREBP,NTC,NA,NA,NA,NA,NA,55.3
tacapa,G01,CmACS,Unkn,T.30.A,T,30,A,30.284619,55.3
tacapa,G02,CmACS,Unkn,T.M.B,T,M,B,30.203396,55.3
tacapa,G03,CmACO,Unkn,T.15.C,T,15,C,24.490775,55.3
tacapa,G04,CmACO,Unkn,T.M.A,T,M,A,27.602391,55.3
tacapa,G05,CmATH,Unkn,T.15.B,T,15,B,23.670166,55.3
tacapa,G06,CmATH,Unkn,T.30.C,T,30,C,27.388337,55.3
tacapa,G07,CmEREBP,Unkn,T.15.A,T,15,A,24.839857,55.3
tacapa,G08,CmEREBP,Unkn,T.30.B,T,30,B,25.010709,55.3
tacapa,G09,CmEREBP,Unkn,T.M.C,T,M,C,24.394219,55.3
tacapa,G10,CmCYP,Unkn,T.30.A,T,30,A,23.517205,55.3
tacapa,G11,CmCYP,Unkn,T.M.B,T,M,B,23.243158,55.3
tacapa,G12,CmCYP,NTC,NA,NA,NA,NA,NA,55.3
tacapa,H01,CmACS,Unkn,T.30.A,T,30,A,30.284619,55.3
tacapa,H02,CmACS,Unkn,T.M.B,T,M,B,30.682669,55.3
tacapa,H03,CmACO,Unkn,T.15.C,T,15,C,24.459524,55.3
tacapa,H04,CmACO,Unkn,T.M.A,T,M,A,27.710713,55.3
tacapa,H05,CmATH,Unkn,T.15.B,T,15,B,23.9494,55.3
tacapa,H06,CmATH,Unkn,T.30.C,T,30,C,27.303082,55.3
tacapa,H07,CmEREBP,Unkn,T.15.A,T,15,A,24.701806,55.3
tacapa,H08,CmEREBP,Unkn,T.30.B,T,30,B,24.883185,55.3
tacapa,H09,CmEREBP,Unkn,T.M.C,T,M,C,24.667975,55.3
tacapa,H10,CmCYP,Unkn,T.30.A,T,30,A,23.672661,55.3
tacapa,H11,CmCYP,Unkn,T.M.B,T,M,B,23.186881,55.3
tacapa,H12,CmCYP,NTC,NA,NA,NA,NA,NA,55.3
tacapa,NA,NA,NA,NA,NA,NA,NA,NA,NA
